<application>
  <component name="ExportableFileTemplateSettings">
    <default_templates>
      <template name="Mongo Repository.groovy" file-name="${COLLECTION_NAME}Repository" reformat="false" live-template-enabled="false" />
      <template name="Mongo Repository with Extension.groovy" file-name="${COLLECTION_NAME}Repository" reformat="false" live-template-enabled="false">
        <template name="Mongo Repository with Extension.groovy.child.0.groovy" file-name="${COLLECTION_NAME}RepositoryImpl" reformat="false" live-template-enabled="false" />
        <template name="Mongo Repository with Extension.groovy.child.1.groovy" file-name="${COLLECTION_NAME}RepositoryExtension" reformat="false" live-template-enabled="false" />
      </template>
      <template name="Mongo Repository with Extension.groovy.child.0.groovy" file-name="${COLLECTION_NAME}RepositoryImpl" reformat="false" live-template-enabled="false" />
      <template name="Mongo Repository with Extension.groovy.child.1.groovy" file-name="${COLLECTION_NAME}RepositoryExtension" reformat="false" live-template-enabled="false" />
    </default_templates>
    <internal_templates>
      <template name="Groovy Class.groovy" reformat="false" live-template-enabled="false" enabled="true" />
    </internal_templates>
  </component>
</application>